,bestFit,LB,UB
MDH,0.1546440597841861,0.12392231954601257,0.19310576786095185
GPD,0.16742910318081403,0.04256724267609784,0.25698325902803887
LDH,5.204107027781806,4.039948717320116,5.5744275890394634
SSE,0.0010031432804701163,,
