,bestFit,LB,UB
MDH,4.356695616206142,2.494676244689915,5.919830351942601
GPD,0.04732274089379246,0.045455710881967044,0.050280412199654484
LDH,31.32973136,31.32973136,31.32973136
SSE,0.004791860625744776,,
