,bestFit,LB,UB
MDH,3.107268388086501,1.5656466482596627,7.734567936460538
GPD,0.044321995319221666,0.04013743703132233,0.052571693290837974
LDH,18.23297952,18.23297952,18.23297952
SSE,0.040726367533508605,,
