,bestFit,LB,UB
MDH,2.7731257290714977,2.8234292548698403,5.496421855198745
GPD,0.04139784183081542,0.03610991437820736,0.04426011448864914
LDH,31.32973136,31.32973136,31.32973136
SSE,0.007248121956022032,,
