,bestFit,LB,UB
MDH,4.354942023978886,3.632166235948924,26.06160617474859
GPD,0.04732317078232683,0.04401038274587939,0.05412313262401951
LDH,52.97500178093535,29.638145163154945,924.4113554426788
SSE,0.07121773247190806,,
