,bestFit,LB,UB
MDH,4.352007332805517,3.190905363467508,20.33208738304349
GPD,0.04733161749096351,0.04369392384199981,0.05194713811389928
LDH,18.23297952,18.23297952,18.23297952
SSE,0.1590290652459589,,
