,bestFit,LB,UB
MDH,4.356695616206142,4.200126867498734,10.140379230142301
GPD,0.04732274089379246,0.0463614977193873,0.0551975407456501
LDH,31.32973136,31.32973136,31.32973136
SSE,0.004791860625744776,,
