,bestFit,LB,UB
MDH,2.973218138639761,1.4827728967083293,7.772112431627518
GPD,0.04525426597877186,0.040067130768676476,0.053359438240224696
LDH,18.23297952,18.23297952,18.23297952
SSE,0.043279205455046,,
