,bestFit,LB,UB
MDH,4.354942023978886,2.2301933478327163,14.232681629824222
GPD,0.04732317078232683,0.04212221451589635,0.0524852783764537
LDH,22.015278003809424,21.893071890102384,22.138694875056732
SSE,0.09056450456436538,,
