,bestFit,LB,UB
MDH,3.549213793988769,2.727071692490587,4.60791238126794
GPD,0.03976300251968155,0.03696716640501645,0.04268309801722066
LDH,31.32973136,31.32973136,31.32973136
SSE,0.0005617746709837535,,
