,bestFit,LB,UB
MDH,2.2354414166554384,1.335554772085605,5.246954468016378
GPD,0.03466924482103874,0.030855349629665466,0.04060630291074084
LDH,18.23297952,18.23297952,18.23297952
SSE,0.039136057502985225,,
