,bestFit,LB,UB
MDH,2.235508524365015,1.6673905675964085,3.032965636313
GPD,0.03466920373125936,0.03256897093301225,0.035846787331548946
LDH,18.23297952,18.23297952,18.23297952
SSE,0.039136053799196824,,
