,bestFit,LB,UB
MDH,4.7076347936350835,4.707182862134971,4.707992921874804
GPD,0.03552198911427891,0.029877825015493485,0.041470494670016525
LDH,6.565031771033098,5.903256550719372,4.707992921874804
SSE,0.000652676282694652,,
