,bestFit,LB,UB
MDH,2.959569006291265,2.957474916801929,2.9610958725372143
GPD,0.12218291265034494,0.0960129024330431,0.13921890222702704
LDH,8.123854382309828,6.579647297749116,9.5597482445701
SSE,0.0007768343286784874,,
