,bestFit,LB,UB
MDH,0.8295490404824601,0.7391280429815709,0.8934243922648202
GPD,0.6337141876842562,0.30876464188263847,0.641810223288478
LDH,2.240215835715149,1.838407398996606,2.8790521485720535
SSE,0.0017208092720632031,,
