,bestFit,LB,UB
MDH,0.5057253608007269,0.4999610826476488,0.5150922782283621
GPD,0.9601824535835365,0.9574011296119662,0.9608415266046942
LDH,0.13608685065792925,0.02792759727999206,0.18697943278498697
SSE,0.000377082143511336,,
