,bestFit,LB,UB
MDH,0.6702997359053423,0.6702997359053423,0.7066170669768802
GPD,0.08367428589642638,0.05301463316049065,0.10157370110259824
LDH,13.801499249711158,9.492079909557654,24.42258869260777
SSE,0.00016426358179686329,,
