,bestFit,LB,UB
MDH,2.0010008057224584,1.924751381572477,2.057288937441855
GPD,0.09777556088886864,0.04395083976180179,0.16720216929246534
LDH,52.91107372961888,30.302397447139118,66.78765152938273
SSE,0.0003318588598122516,,
