,bestFit,LB,UB
MDH,1.2762233787675377,1.2671547723651553,1.2836382370867672
GPD,3.742235069790096,3.738914824101376,3.746564028838014
LDH,2.4686382738304466,1.5069561446955893,3.173809030172209
SSE,0.00031567627273415495,,
