,bestFit,LB,UB
MDH,0.5721725483044162,0.3941180063014185,0.5770536897825409
GPD,0.21241543781031236,0.06990883309067181,0.5634309878022395
LDH,0.6883946396415094,0.23204556726429149,1.3652217608290427
SSE,0.0006891096698884244,,
