Cell Line,NAD(H),Malate,G3P,Lactate
RAS,0.740449136,4.512293087,0.410175268,47.48539435
2mM2DG,0.764658647,1.472084279,0.228078888,7.86861521
5mM2DG,0.764658647,0.691048035,0.21797671,8.529930859
10mM2DG,0.764658647,0.395919958,0.166969854,14.96075884
0.75mM2DG,0.764658647,1.127624807,0.166752445,5.579670612
SC P,0.764658647,1.552337081,0.187226733,6.614798043
BT549,0.764658647,2.5,0.23,13.18
DITNC1,0.764658647,1.17,0.3,7.25
PC3,0.764658647,2.96,3.51,29.79
