Cell line,lactate_excretion_fmol_cell_min,glucose_uptake_fmol_cell_min
EV Q,5.619943515,6.544799167
RAS,25.13,53.03
2mM2DG,5.89,22.9
5mM2DG,5.25,30.86
0mM2DG,14.44,19.97
10mM2DG,3.24,14.18
3T3P_DNPCON,9.436011622,15.31016833
3T3P_DNP,10.44389965,21.64058775
0.75mM2DG,8.250014509,26.44
SC P,14.44,19.97
BT549,49.66,81.79
DITNC1,25.04,37.01
Hela,66.56,121.74
PC3,35.79,41.29
