,bestFit,LB,UB
MDH,0.5926760986219268,0.5303123467610368,0.6634253333188114
GPD,0.2975620414516397,0.12215866229537341,1.6528161578176872
LDH,1.2938926150322982,0.8112772559903364,1.711255256789756
SSE,0.0008858365805621073,,
